review,product
"This phone is absolutely amazing! Best purchase I've made this year.",iPhone
"The battery lasts forever, I'm very impressed.",Samsung
"Terrible quality, broke after one week. Waste of money.",Xiaomi
"Fast delivery and the product is exactly as described. Love it!",Sony
"Camera quality is disappointing for the price.",Huawei
"Best headphones ever! Sound is crystal clear.",Sony
"Screen started flickering after 10 days. Very disappointed.",Samsung
"Super fast charging and beautiful design. Highly recommend.",iPhone
"Not worth the money. Performance is average at best.",Huawei
"The product arrived damaged. Terrible experience.",Xiaomi
"I can't stop using this! It's addictive in the best way.",iPhone
"Poor customer service and the item is defective.",Samsung
"Amazing value for money. Exceeded my expectations.",Sony
"The battery drains too fast. Not happy at all.",Xiaomi
"Stylish, comfortable and great sound quality.",Sony
"Overpriced and underperforming. Regret buying it.",Huawei
"Works perfectly, very satisfied with my purchase.",iPhone
"Delivery took too long and packaging was bad.",Samsung
"This is the best smartwatch I've ever owned.",Sony
"Very cheap material, feels low quality.",Xiaomi